{
  "gravity": 10.02,
  "thresholdVelocity": 0.25,
  "floorHeights": [0.0, 3.7725, 8.2596, 12.80725, 16.3025, 19.81475, 22.958]
}